aff_id,class_atual,tipo_link,link,id_api,grupo
4621837,KAM - top 1000,Grupo,https://chat.whatsapp.com/D3gyYuH0Y0q82aNWRXdQ6i,120363402704307025@g.us,@achadinhoscomcarol 🛍️ 14
5160092,KAM - top 1000,Grupo,https://chat.whatsapp.com/K0Qvrw74bqdAi0FysJANr5,120363099314346009@g.us,Desconto Legal
5399188,KAM - top 1000,Grupo,https://chat.whatsapp.com/FzoBRhQjSBR8qAaYXWbBWx,120363333693807722@g.us,Comunidade Moto Filé
6876244,MElIpro,Grupo,https://chat.whatsapp.com/B79euMqi7BE6hd6NeTv39z,120363419008047565@g.us,Achadinhos das primas 💕🛍️#9#
15665498,top KAM Cross/Tech,Grupo,https://chat.whatsapp.com/Hcb23EBqkdo3vYXuuyB8bB,120363351854389471@g.us,Clube Kotas #09
27190734,MElIpro,Grupo,https://chat.whatsapp.com/LTFq7RG0e08DH6c9i3TRuE,120363382104653898@g.us,"Mãe, Economizei! Promos e Cupons"
30107921,KAM - top 1000,Grupo,https://chat.whatsapp.com/CFPqGJMJy8J7Zrt1GCkhCF,120363417352116923@g.us,Kah Indica
33691178,MElIpro,Grupo,https://chat.whatsapp.com/JPHe7LUEuKzBKZODcnOdRU,120363404262214077@g.us,Achadinho da Bianca #001
47190880,KAM - top 1000,Grupo,https://chat.whatsapp.com/IglXEIKL0X6Fco4ika2iz5,120363339148867926@g.us,😱 Promoções e Cupons 🔥
47897711,KAM - top 1000,Grupo,https://chat.whatsapp.com/DiaQsENFguqJvobfT8ohim,120363287089062163@g.us,Promos Úteis 🛒 #2
49674458,KAM - top 1000,Grupo,https://chat.whatsapp.com/D5Si0eBiQZj9DZaRSJDgrA,120363268951341273@g.us,LINKS DO SONNORA - ABERTO
49721139,MElIpro,Grupo,https://chat.whatsapp.com/DK2ip7TlaZ882CBoBXCY7T,120363417466781404@g.us,"#7 grupo - Bem-vinda ao universo feminino 💄- Vestindo bem, pagando pouco 🛍️💝🔗"
53501280,KAM - top 1000,Grupo,https://chat.whatsapp.com/3AojlMVOnTx5aanIu9xATd,5519999241506-1510091197@g.us,Promo desconto cupons 10
56815198,MElIpro,Grupo,https://chat.whatsapp.com/JJc73JmdCbXKIoj6WrjfwP,555197590316-1569254347@g.us,⚜ SUPER PROMO ⚜ 5⃣
61249096,MElIpro,Grupo,https://chat.whatsapp.com/LCQhtszftoPKeLJBtgc363,120363133979174965@g.us,🟠((EXCLUSIVO SHOPEE 3️⃣)) @promo.damahii
62381440,MElIpro,Grupo,https://chat.whatsapp.com/HE0qDdyC4woF3ZDPTQ6fQd,120363045563839585@g.us,Achadinhos e Promos 🛍😱 #2
73418100,KAM - top 1000,Grupo,https://chat.whatsapp.com/BDO3Mirgc7xFReDJ9QxZ82,120363417370308906@g.us,Promos do Guia Produto #1
76331531,top KAM Cross/Tech,Grupo,https://chat.whatsapp.com/LRjdSDkp9jd6OOLSCwY5Qm,120363315780159714@g.us,Especialista em TI #11
79019768,KAM - top 1000,Grupo,https://chat.whatsapp.com/CMPA3hBbXmSBg7aEoHcdAc,120363422251666745@g.us,Bike Radar #9 - Ofertas de ciclismo em primeira mão!
80016581,MElIpro,Grupo,https://chat.whatsapp.com/GnRAjCdII8D9ySCr2UMUBQ,120363419173236822@g.us,Achadinhos Ofertou #44
83966270,KAM - top 1000,Grupo,https://chat.whatsapp.com/JD7FxqCc7lC71BZ6PgsuTy,120363399236042514@g.us,PROMOS DO DIA #8 🛍️ @ratadosachados
91941491,MElIpro,Grupo,https://chat.whatsapp.com/BDfTy6zh8OsGCN4zWOfSzW,120363402118493515@g.us,Links e promoções - @daiemcasa
92792646,KAM - top 1000,Grupo,https://chat.whatsapp.com/Hi4wsoxm8oyDgk09a0zpEW,120363319331322278@g.us,Cout 09 🇧🇷 Promoções e Info
94733098,KAM - top 1000,Grupo,https://chat.whatsapp.com/IR0gCURtqgZAJGne6meFbh,120363362432979590@g.us,Promos Casa & Beleza #05
99920305,KAM - top 1000,Grupo,https://chat.whatsapp.com/Bilt1HIkKufE4zmWKdAh0m,120363044447822982@g.us,Ofertas de TUDO - MB07
103699751,KAM - top 1000,Grupo,https://chat.whatsapp.com/KUZStrTHW8n6ITKXFfcCeL,120363422953295282@g.us,Fórmula Ideal Fit - [ 15 ]
105244951,KAM - top 1000,Grupo,https://chat.whatsapp.com/G8aLNHaHaOHAtAi6oBoEbx,120363418307767899@g.us,Marcelo Casa Eletro OFERTAS
107916024,KAM - top 1000,Grupo,https://chat.whatsapp.com/DxZvHGHttCaD6JyJDH909k,120363423620703537@g.us,[JTECH] Promoções Gamer #102
115429420,MElIpro,Grupo,https://chat.whatsapp.com/IfyC3HjCdQS1Or9X1aB81O,120363389475200834@g.us,[29] 🎨 Achados da professora 👩‍🏫
119053125,MElIpro,Grupo,https://chat.whatsapp.com/I3ccW9jKW7F8Wjf4erKWWV,120363417460628545@g.us,Achados para mães e filhos - @achadosdamarina 2
120188822,MElIpro,Grupo,https://chat.whatsapp.com/EGDd0zrJRdQ1ECKBbuMH1k,120363384850142668@g.us,18.🔥PROMOS @thai.torel🔥
122211558,MElIpro,Grupo,https://chat.whatsapp.com/Kj0kGQjHgu534xo3LPnCXd,120363251147383891@g.us,MARIA BISCOTEIRA - #24
127073909,MElIpro,Grupo,https://chat.whatsapp.com/DLUKao1JGH9CB4bKtsSUSt,120363418295221709@g.us,Compras Shop
127894622,MElIpro,Grupo,https://chat.whatsapp.com/ClLaq2pbQHV8N3RmjEIad2,120363317923632634@g.us,PROMOS DO DIA 🔥 Achadinhos
132598358,KAM - top 1000,Grupo,https://chat.whatsapp.com/HD3hBHCntvUCYL109WfhJH,120363399506805862@g.us,Achadinhos #02 @oapecentoedois 🔍🛍️
136382088,MElIpro,Grupo,https://chat.whatsapp.com/H9dxNyPzbWSLGTqbp2ov2A,120363420198587286@g.us,#35 Grupo de Ofertas 
136551174,KAM - top 1000,Grupo,https://chat.whatsapp.com/KTmWGkMPgymIZSlUxvK2D3,120363357316589084@g.us,#5 PROMO ENXOVAL MINIMALISTA 🖤
136554975,KAM - top 1000,Grupo,https://chat.whatsapp.com/CCbeOEcw45ZIS7Du8dZchQ,120363394622699094@g.us,Cupons e promoções 🏷️🛍️
141495725,KAM - top 1000,Grupo,https://chat.whatsapp.com/3GnbahT2kj07ibWPPnar6t,5519997134690-1536855235@g.us,Economizeiro 3
147294155,KAM - top 1000,Grupo,https://chat.whatsapp.com/GlZbsfe4H0q7GdhETjruhL,120363147672890533@g.us,IMPORTAÇÃO MINHA VIDA ( LEANDRO CONSTANTINO )
149518102,top KAM Cross/Tech,Grupo,https://chat.whatsapp.com/HedUmWn1r3VKHnlZEue8gB,120363404907945469@g.us,Bizu das Promoções 53
150242200,KAM - top 1000,Grupo,https://chat.whatsapp.com/DFpRm2RkKfFGpYfqLxWcAo,120363400195934769@g.us,🦥 Preguiça Ofertas | 38
150876148,MElIpro,Grupo,https://chat.whatsapp.com/HmCxSREHfCYFUTP8DgvhRm,120363042829630171@g.us,Achadinhos da Dih 🛍️ #03
151885557,KAM - top 1000,Grupo,https://chat.whatsapp.com/JEXULayLCWkIqh89sJX4Cj,120363320142761904@g.us,Achados da Lully 14
152436288,KAM - top 1000,Grupo,https://chat.whatsapp.com/LrWXs2jt86p0cwA9m9SOGE,120363400740908232@g.us,Guga Aprova ✅ DESCONTOS - 20
155523724,KAM - top 1000,Grupo,https://chat.whatsapp.com/BQ7tcRk6loB7roRQgF9SVZ,120363404158477159@g.us,Encontrei na web promoções #62
159272833,MElIpro,Grupo,https://chat.whatsapp.com/HPx22Avdn9T60z73dAHQS4,120363387456505120@g.us,PROMOÇÕES DO DIA #14
161561413,KAM - top 1000,Grupo,https://chat.whatsapp.com/D0ihIeknxF8DivVxNdXMT8,120363419085408202@g.us,Achados de Lara #21
163733884,KAM - top 1000,Grupo,https://chat.whatsapp.com/CxuUhB4Rw2KC7MWHnm8cBo,120363412367655025@g.us,PROMOÇÕES DO DIA 🧡 (4)
165088662,KAM - top 1000,Grupo,https://chat.whatsapp.com/KsFIKs4bknu8bVy0xEQQq0,120363402621743664@g.us,ACHADOS DA RAINA #13
166607266,KAM - top 1000,Grupo,https://chat.whatsapp.com/LikseXVR6JA8NmMJ7eB5gc,120363402336804360@g.us,PROMOÇÕES DO DIA #11🥰
167259214,KAM - top 1000,Grupo,https://chat.whatsapp.com/GotYoYy1r6zAJ8YYtk82qe,120363029697602745@g.us,Mamãe tá ON Promoções 7
169808445,KAM - top 1000,Grupo,https://chat.whatsapp.com/KLZdjjmDJarKOMcowCcajh,120363029188354139@g.us,🔥 Ofertas Loja Samer - 01
173037793,MElIpro,Grupo,https://chat.whatsapp.com/JJShzxTq1MAIxdMZLDnvDz,120363404034302766@g.us,SUPER OFERTA #17
173167047,KAM - top 1000,Grupo,https://chat.whatsapp.com/HZyuiMiv4uQ2FO3LsGhUGJ,120363211822083052@g.us,#103 ACHADOS DA TAMY 
174150285,MElIpro,Grupo,https://chat.whatsapp.com/FA0XF4KyDYUCuJWAHgIGZf,120363313233209159@g.us,Promoções | Achadinhos #1
174783683,MElIpro,Grupo,https://chat.whatsapp.com/DQn0EzyBE9n8BMESLnS16C,5521965940477-1588903201@g.us,PROMOS DO DIA 🛍️🤑🛒
178031903,KAM - top 1000,Grupo,https://chat.whatsapp.com/GXzxLoVvmxz0udKGWn1ENL,120363418973067820@g.us,#11 Achadinhos da Manicure Grupo #11
181507452,KAM - top 1000,Grupo,https://chat.whatsapp.com/K4c5fmtzSXG1qKxnBs3fs2,120363405956371502@g.us,PROMOS @bizu_paracasa #30
183117136,KAM - top 1000,Grupo,https://chat.whatsapp.com/L2jFzuhDn6KFSJC9LcQcuU,120363375274156165@g.us,G&L Promoções 50 🛍️🛒
183279834,MElIpro,Grupo,https://chat.whatsapp.com/D87xKk8Kqgk0bMxSpKtcCB,120363349755106375@g.us,Promos da Ly #3✨
183440224,KAM - top 1000,Grupo,https://chat.whatsapp.com/L1sC7x9NRND6v2T4IVXowY,5527997926363-1578518782@g.us,⚫ VICIADOS EM DESCONTOS 11 ⚫
186556232,MElIpro,Grupo,https://chat.whatsapp.com/K7Kd6lds1Rz376wzK9jf53,120363419307819120@g.us,#20 PROMOS E CUPONS
186778702,KAM - top 1000,Grupo,https://chat.whatsapp.com/L4LNpfPZUqH05ouyae0Yri,120363203099815703@g.us,2Promo mamães econômicas 
190304867,KAM - top 1000,Grupo,https://chat.whatsapp.com/IiRsOuBEKu20Ad55TK6oQo,120363044276358097@g.us,Acheipravocê#2
196205822,KAM - top 1000,Grupo,https://chat.whatsapp.com/CmXGTqAJ36ECTWdfZ8UCvw,120363420368455839@g.us,ACHADINHOS DA DRI 15
197237293,MElIpro,Grupo,https://chat.whatsapp.com/JOOJgwST7fPH2JvVUNGXEt,120363401203319704@g.us,Vale Achado #1
199199140,top KAM Cross/Tech,Grupo,https://chat.whatsapp.com/DYO3GUfjbNi6ZLlYEBc0hG,120363024686001502@g.us,Tech BR Ofertas
200355621,KAM - top 1000,Grupo,https://chat.whatsapp.com/Jtzve7J0p4iHcq4p9dSJnE,120363419283865832@g.us,🛍 Sergipe Ofertas #25
201818186,MElIpro,Grupo,https://chat.whatsapp.com/CFXGKZ7hQ8N65WmG6W1lje,120363194117835533@g.us,Oferta relâmpago #1
202376152,MElIpro,Grupo,https://chat.whatsapp.com/I0v0WwVeEGe3kq7HlMmM70,120363398549946589@g.us,@ComprinhasAmiga #05✨
202884905,KAM - top 1000,Grupo,https://chat.whatsapp.com/GcedDTYaqmWDRC2xsHRuS8,120363404407621942@g.us,Academia Esporte Shop [ 16 ]
203435695,MElIpro,Grupo,https://chat.whatsapp.com/EYtuTeh2suiBZNyMflPNcr,120363284305529966@g.us,Ofertas do dia #3 🛍️
203572971,MElIpro,Grupo,https://chat.whatsapp.com/Eof5Zg0DLAsGzmdwnAYjfQ,120363194368630513@g.us,Paraíso dos Achadinhos #1
205028015,KAM - top 1000,Grupo,https://chat.whatsapp.com/Fspc3uykwrOKs5wDwPvsSW,553498946400-1628023390@g.us,Achadinhos Excelentes 8
210962492,MElIpro,Grupo,https://chat.whatsapp.com/JwliHvFksEiDSmhElwqP5W,120363405900666065@g.us,Modas e Achadinhos #2
211158953,KAM - top 1000,Grupo,https://chat.whatsapp.com/HQHx4Tr5C3M1kEKkgzsVxC,120363345207333317@g.us,Best Promos BR #3
214152484,KAM - top 1000,Grupo,https://chat.whatsapp.com/CeOajup9Rsh26ROElCeer0,120363417911970628@g.us,PROMOÇÕES DO DIA #27 🛍️ @achadosdatai.br
221861528,KAM - top 1000,Grupo,https://chat.whatsapp.com/IMOcURMw4WtDUkLzbidJI8,120363334175814779@g.us,MILPROMOSBELEZA
223453987,MElIpro,Grupo,https://chat.whatsapp.com/HWQuXCvBxu45Amt7cWAML0,120363416746993825@g.us,OFERTINHAS VIP DA NETE
224168003,KAM - top 1000,Grupo,https://chat.whatsapp.com/JVIE5k7qfd3J3UDC0iotAD,120363386339295307@g.us,PROMOS DA DAY GRUPO 40🛍️
224832674,MElIpro,Grupo,https://chat.whatsapp.com/D1jHcv2JQHrL7piQ7gNF5q,120363417472632726@g.us,PROMOS DO DIA 🛍️ #8
226046758,KAM - top 1000,Grupo,https://chat.whatsapp.com/JMfX31vfU1BBh6cf7R0Uqo,120363399844906080@g.us,#330 Promo Relâmpago MEN
227193849,MElIpro,Grupo,https://chat.whatsapp.com/K9xfwQ5iRbkKtQQYXUznbx,120363303356244825@g.us,"#31 Promos de Moda, Beleza e Cupons! - Promoções do Amor!"
228286832,MElIpro,Grupo,https://chat.whatsapp.com/FdJv2P0HUQLGUXxtpngfea,120363398603337247@g.us,ACHADINHOS DA LARI 03
229491441,KAM - top 1000,Grupo,https://chat.whatsapp.com/BT7Z2GIyRfq100xBXrb7Dc,120363418822700181@g.us,Promoçõesuteiss#12
229837054,KAM - top 1000,Grupo,https://chat.whatsapp.com/D6eBFtbGbNW382vxea0zio,120363255308049173@g.us,PROMO LOVERS 🛍️  #14
231841011,KAM - top 1000,Grupo,https://chat.whatsapp.com/GMlz11599YTLP3ui9VWgXn,120363025523984059@g.us,@thatynhapromo 5
232876240,KAM - top 1000,Grupo,https://chat.whatsapp.com/FToNcyvr7uE9gOhvcLo8RV,120363402591177792@g.us,#27 Promoções Especialista Utilitário 
234543184,MElIpro,Grupo,https://chat.whatsapp.com/BwyasSWoGlE3037b6iL50B,120363024957848051@g.us,PROMOS DA NATH 🛍️🎀 [35]
238471146,KAM - top 1000,Grupo,https://chat.whatsapp.com/KNKw7EZNadrK0rFxvYnO0u,120363205270613720@g.us,aki promoções - 91
241322914,KAM - top 1000,Grupo,https://chat.whatsapp.com/HkZ6ShSsbeg1gQ2JBPo9Vs,120363042210618548@g.us,👶🏻 PromoBaby | 24
251645009,top KAM Cross/Tech,Grupo,https://chat.whatsapp.com/GzuMpKwpGqy89P9YL4cu4x,,
255011578,MElIpro,Grupo,https://chat.whatsapp.com/E2kXOI6n4P8C7mzbLoqukI,120363405694449088@g.us,Dona Economia - Promoções #8
255589674,MElIpro,Grupo,https://chat.whatsapp.com/DZd3F34NqlOBrOG22YiB1F,120363366983997934@g.us,CLUBE DO DESCONTO #13
257830843,KAM - top 1000,Grupo,https://chat.whatsapp.com/LGcaf2hLrGTA4xmoOKbScu,120363260785067403@g.us,OFERTAS BABY MÃE 
261766502,KAM - top 1000,Grupo,https://chat.whatsapp.com/HRKF83AP2LsI3SyVcByb8t,120363255744314530@g.us,PROMO 42 🧜🏼‍♀️💘🛍️
263391604,top KAM Cross/Tech,Grupo,https://chat.whatsapp.com/Gw5saEcajBS8p7yf7rgDvf,120363420566637339@g.us,Só Promoções do dia #53
264616806,MElIpro,Grupo,https://chat.whatsapp.com/Gz4jmOCoP7FIKn3LrDvMzd,120363399370982561@g.us,ACHADOS DA MARI #14
268850426,top KAM Cross/Tech,Grupo,https://chat.whatsapp.com/EtM3xhWp5wcFuqkVNdLOL1,120363401613025187@g.us,💛 #1 OFERTAS JEFF RECOMENDA 
269337304,KAM - top 1000,Grupo,https://chat.whatsapp.com/HiAZjhqm6DQFLfIkcwhqru,555496749400-1623017491@g.us,"Amiga, Compra! 10"
269721398,KAM - top 1000,Grupo,https://chat.whatsapp.com/FKCP03nC7DLKYr1sonRws9,120363389602050961@g.us,Tudo On Promoções #3
271356022,MElIpro,Grupo,https://chat.whatsapp.com/F5owyoPYzL1HzUSlfMjtml,120363369774997231@g.us,#5 PROMOÇÕES E DESCONTOS 🛍️🤑
271562467,KAM - top 1000,Grupo,https://chat.whatsapp.com/CULdOiC69HgLZMt7baMbcH,120363403039157467@g.us,A PROMO PERFEITA 13✨
277875863,KAM - top 1000,Grupo,https://chat.whatsapp.com/CTjtI84fLp2Kio1vl9qPSQ,120363418966938721@g.us,PROMOÇÕES DO DIA #26🏠 •  @homedeamiga
279034933,MElIpro,Grupo,https://chat.whatsapp.com/CkBNImXVV4iFqvvYV7K0q7,120363309822468517@g.us,🔥 PROMOS da Paty #01
280333191,KAM - top 1000,Grupo,https://chat.whatsapp.com/EUasLaQCNghLLTZeVohIb2,120363284097344284@g.us,PROMOÇÕES DO DIA ✨️ #2 - @promochique_
283174736,KAM - top 1000,Grupo,https://chat.whatsapp.com/K310kjNbwASEDJ91U8X5Bm,120363421328820167@g.us,Achadinhos #100
284855023,KAM - top 1000,Grupo,https://chat.whatsapp.com/CbIau6c3CA7C0LMxobWHXA,120363240211204588@g.us,Amiga das Promos ✨🤩
287029678,KAM - top 1000,Grupo,https://chat.whatsapp.com/JR9FChkNN4m90N5qGyDFzV,120363337798994308@g.us,✨Cacei e Achei Promos #13
287197163,KAM - top 1000,Grupo,https://chat.whatsapp.com/EFKnGyxcmb43wn8JP4oK3k,120363304479657290@g.us,"#30 Achadinhos SHOPEE, SHEIN , MAGALU, MERCADO LIVRE.🥰"
288063877,KAM - top 1000,Grupo,https://chat.whatsapp.com/FYshNVla9hcBWbSoIwfGm3,120363257853840248@g.us,ACHADINHO 🛍️ #16
293720044,KAM - top 1000,Grupo,https://chat.whatsapp.com/BsIXB2PTOCvEhVMHZ42dem,120363029412556247@g.us,Promos Diversas B14
295506853,MElIpro,Grupo,https://chat.whatsapp.com/LhbOvZPCBRW87WMZpqEndy,120363371094763419@g.us,Grupo de Promoções e Cupons 🛍️ #05
297607087,KAM - top 1000,Grupo,https://chat.whatsapp.com/G8aOJ9GsgtgK0FHC9PHWOJ,120363401098528133@g.us,PROMOÇÕES DO DIA #14
301138223,KAM - top 1000,Grupo,https://chat.whatsapp.com/HBvVODelAE210I8mQbpZxF,120363421173071319@g.us,Will Garimpou [215]
303120592,MElIpro,Grupo,https://chat.whatsapp.com/BehJuWtRQk30H2wXFFd9HU,120363149769059495@g.us,Ofertas Meuapê26b #12
313555253,MElIpro,Grupo,https://chat.whatsapp.com/EbaIS6f8kaKGtHoN8cerq0,120363332754970042@g.us,🛒 Achados da Lalá Grupo #3
317818364,KAM - top 1000,Grupo,https://chat.whatsapp.com/KEXRU3sjoBu4782by95BnV,120363400097540150@g.us,✨ Cantinho das Promos PV 7 🛍️
324279904,KAM - top 1000,Grupo,https://chat.whatsapp.com/GrIZPFtopk17fKB4ZufzKz,120363417825852787@g.us,Achadinhos da Vivih 💕 🛍️#39
325501300,MElIpro,Grupo,https://chat.whatsapp.com/FlfVPkFf2uAFzudRwd7gAf,120363422438577046@g.us,PROMOÇÕES DE CASA 💜#12
337920322,KAM - top 1000,Grupo,https://chat.whatsapp.com/BSrW73sUxmf7P0k94JjGJR,120363419687210237@g.us,Comprei na Promo #6
340577258,KAM - top 1000,Grupo,https://chat.whatsapp.com/Kj9hC3NiBT77LkygW7nPiX,120363400583143688@g.us,Promosday #22 - Promoções
358402522,KAM - top 1000,Grupo,https://chat.whatsapp.com/CFYwI669SIOF6h8Dspgdfw,120363360743146571@g.us,15# PROMO DE HOJEE 💜
361899717,MElIpro,Grupo,https://chat.whatsapp.com/Di2M5HFd6uj7eh7q8CXj96,554497558297-1607954318@g.us,@Promosdadaii 🛍️#4
375366165,MElIpro,Grupo,https://chat.whatsapp.com/DaLYRjgWYRIKypTbQT0FVS,120363322668685309@g.us,PROMOÇÕES DO DIA 🔥✨️🛍
379432988,KAM - top 1000,Grupo,https://chat.whatsapp.com/FuRrPRMeses2RqaTpBagwf,120363041071594403@g.us,🔖 OFERTAS DIÁRIAS #03 - PAULOTEC
379432988,KAM - top 1000,Grupo,https://chat.whatsapp.com/LiJjq9uEt07Hf6EXIc4LQp,120363419852689903@g.us,📱 OFERTAS VIP #02 - PAULOTEC
382848365,MElIpro,Grupo,https://chat.whatsapp.com/ISzxMEo4sZmLeoFtICYcS7,120363417550603528@g.us,PROMO DO BEBÊ #12
408274567,KAM - top 1000,Grupo,https://chat.whatsapp.com/Db4BoPO9UqOKZkIx59xKiT,120363400056890494@g.us,PROMO 35 💗
420307218,MElIpro,Grupo,https://chat.whatsapp.com/CmQVtmZUSiSG0Ifqe65mmB,120363375425910325@g.us,0005 Clube Promos 21
420553279,KAM - top 1000,Grupo,https://chat.whatsapp.com/HBhNHpzpK6UH5Ocn99n1kW,120363418371662864@g.us,2 SHEIN e C&A by @maryajcs 🛍️✨🤩
431214959,MElIpro,Grupo,https://chat.whatsapp.com/LkHeO0BnrHgB2TBJeQFHkd,120363324268667157@g.us,#3 Achadinhos e Promoções da Shopee e Shien 💖
448250295,KAM - top 1000,Grupo,https://chat.whatsapp.com/GbdkHTyBqRm9zeMfi4sqfB,120363221021006092@g.us,PROMO DA MILLA 4
450512131,KAM - top 1000,Grupo,https://chat.whatsapp.com/HHGjJ39EGjP1E3Xvcyo287,120363374978952930@g.us,PROMOÇÕES DO DIA 🛍️ #1 - @encontreiamigas
455839818,MElIpro,Grupo,https://chat.whatsapp.com/BHtMiuht6D8JQElKtG0kCk,120363317793995123@g.us,PROMOÇÕES & CUPONS 💖✨ #1
470068454,MElIpro,Grupo,https://chat.whatsapp.com/H4dDwIxvVQuK2YHYLFeZbJ,120363421937223622@g.us,Grupo de ofertas 🛒🛍️ #27
470806864,KAM - top 1000,Grupo,https://chat.whatsapp.com/ED3SWc4c1ZT2oeACRALSiI,120363221966674705@g.us,Promo de Rica 🛍️ #8
473343832,KAM - top 1000,Grupo,https://chat.whatsapp.com/KvP3btvte3j6t7w7m9Q6h7,120363214895946203@g.us,Promos e dicas da Jô #3
481509072,KAM - top 1000,Grupo,https://chat.whatsapp.com/Hjr3f7J3jCB5dxUy4DqPpl,120363406581754161@g.us,PROMOS 45 💗
490589317,KAM - top 1000,Grupo,https://chat.whatsapp.com/BphOj310T5a9h7yZ3I9a8l,120363401663969369@g.us,Promoções - Esportes Deluxe #1
491946853,KAM - top 1000,Grupo,https://chat.whatsapp.com/IEX4hvJtnfX3YLHRy8gpbO,120363419634026933@g.us,🚨🔥PROMOS DO DIA #7
508791975,KAM - top 1000,Grupo,https://chat.whatsapp.com/I082dejhGUl6Hii1TUdzN2,120363024939673808@g.us,💥Querido Desconto 108
511670989,KAM - top 1000,Grupo,https://chat.whatsapp.com/JT8aIzL4HNQD8N9899WpqW,120363421407346615@g.us,PROMOÇÕES DO DIA #04 ✨️ @produtinhoscomdesconto
512970471,KAM - top 1000,Grupo,https://chat.whatsapp.com/D6vTMhtpTji4R4oJ1oBcB2,120363264369239306@g.us,#4 Grupo de ofertas
514386663,KAM - top 1000,Grupo,https://chat.whatsapp.com/El2R6H8UEU90utKzg0M9eB,120363038392307215@g.us,1- Promos da Alê: Cupons e Descontos
526807890,KAM - top 1000,Grupo,https://chat.whatsapp.com/LPyuTee5x46DumQfzur4BB,120363419320417112@g.us,GRUPO VIP ACHADINHOS #29
530861291,KAM - top 1000,Grupo,https://chat.whatsapp.com/EzsDwzVMrKiHt0xXqPPoRJ,120363042852663318@g.us,🛒 Promoções do Bita - 💸 #32
531618401,MElIpro,Grupo,https://chat.whatsapp.com/LTDLmVuZQio5EqHddhRasL,120363043587323573@g.us,PROMO E DICAS 🧡cupons e +
547239300,top KAM Cross/Tech,Grupo,https://chat.whatsapp.com/JG3b8ccRQQtHsNnIwRcvE1,120363282575321817@g.us,🛒 Manual de Ofertas - Eletrônicos
565785079,KAM - top 1000,Grupo,https://chat.whatsapp.com/EY60g2bvKUQ3vTw7m8p51y,120363392372204294@g.us,PROMOS & CUPONS SHOPEE #16 ✨ @dicasdalima
593029712,KAM - top 1000,Grupo,https://chat.whatsapp.com/LAbSIcCGmwx9PCTscLT39s,120363423507395641@g.us,promoções para pobres #698
600049604,KAM - top 1000,Grupo,https://chat.whatsapp.com/IiCMiBV6jR5HbYdFh1fAp1,120363418317530167@g.us,Promos de Enxoval 🏡 #12
601159975,MElIpro,Grupo,https://chat.whatsapp.com/EVHrvfODHevIK6nAqfe6JL,120363415815169004@g.us,Moda | Casa | Kids✨️17
606319384,MElIpro,Grupo,https://chat.whatsapp.com/F7NJkwakRiNHYCvqm99YP7,120363420299506385@g.us,PROMO DO DIA 🛍️ | #8 @focanacompra
615723245,KAM - top 1000,Grupo,https://chat.whatsapp.com/DCxjP81VSPYBL6Gxv9H52C,120363056118819719@g.us,Memory Card 8MB - Promoções #2
621237108,MElIpro,Grupo,https://chat.whatsapp.com/DgKPbjSmzlw1Q3nd7MOgj7,120363370434273635@g.us,GRUPO DE PROMOÇÕES #04
624101928,KAM - top 1000,Grupo,https://chat.whatsapp.com/E1ys64DdebhHIJyvES7FhP,120363282994185499@g.us,65 • VIP GATAS DAS PROMO 💜
636693914,MElIpro,Grupo,https://chat.whatsapp.com/JY4qQRWdVEVCSDRNHSxYTH,120363299149896632@g.us,PROMOS DO DIA 10
651524151,MElIpro,Grupo,https://chat.whatsapp.com/H6A72Otw8H0BPrlTfys8II,120363387106267976@g.us,CASAMENTO NA PROMO #16
659377853,KAM - top 1000,Grupo,https://chat.whatsapp.com/Frx0bqhRtxb9gDELL5tS1T,120363409693174877@g.us,Odeio Pagar Caro 5
660319086,MElIpro,Grupo,https://chat.whatsapp.com/EwSp5TKoMts50ZkgHfnZGj,120363420374537039@g.us,Promos da Mila #10
676651691,KAM - top 1000,Grupo,https://chat.whatsapp.com/LOK7ys7CuZKAiBBuon1drt,120363419553602645@g.us,#PROMOS DO DIA #48
678610452,top KAM Cross/Tech,Grupo,https://chat.whatsapp.com/HZwM8xn312XFXh711EG8iQ,120363419919455192@g.us,SamuelF3lipe - Promoções 24
685286566,KAM - top 1000,Grupo,https://chat.whatsapp.com/KRlEAzC5E21JqQT9fzqru6,120363345371177921@g.us,Ofertas Encontrei - #15 🛍️
690775790,KAM - top 1000,Grupo,https://chat.whatsapp.com/EjovDaMbPZQDVCaNhnU3WC,120363402554611303@g.us,Indicações do Gui
695303632,MElIpro,Grupo,https://chat.whatsapp.com/D5OdEreGcV30WhGShSqJOW,120363402819489919@g.us,PROMOÇÕES E LINKS #61
699370117,MElIpro,Grupo,https://chat.whatsapp.com/K6DAzAvNur4IabDyHeb2Y3,120363401442822960@g.us,Promos Achados Tesouro😻 #27
732472905,MElIpro,Grupo,https://chat.whatsapp.com/D23i3Aocfky8tC8oAxxUn3,120363163396853096@g.us,PECHINCHAS DA CRIS 🧡🛍️#1
742314482,KAM - top 1000,Grupo,https://chat.whatsapp.com/FsvG2pXtqDX9QDfbWuaJUR,120363045029936774@g.us,PROMO DA LAILA 3 🛍️
742328965,KAM - top 1000,Grupo,https://chat.whatsapp.com/FSOKIotzhXeESsvKFAQCiA,120363419889857402@g.us,PROMOÇÕES DO DIA ✨🛍️ #10 - @achadindeluxo
751415749,MElIpro,Grupo,https://chat.whatsapp.com/I52E8CM6aBsCYPQwIsYinG,120363305435482675@g.us,🚨 PROMOÇÃO DO DIA 💸
757367286,KAM - top 1000,Grupo,https://chat.whatsapp.com/KWch5ygbtG9EDgotXCZ6w6,120363417307980084@g.us,PROMO DA LARI | 88 🛍️✨
764038065,MElIpro,Grupo,https://chat.whatsapp.com/JV86a7ozjh4DBDWXgED21z,120363028348310898@g.us,Achadinhos da Carol
768924215,KAM - top 1000,Grupo,https://chat.whatsapp.com/J1D6HRAuIx62u62O3QWn8e,120363313981293549@g.us,✨️ PROMOS DA TAMI #4
788763894,MElIpro,Grupo,https://chat.whatsapp.com/J35VKuP8EOLFtZaq2Hu2it,120363401086852040@g.us,Promos da Seguidora 8
791280925,MElIpro,Grupo,https://chat.whatsapp.com/F9GyGsPoOV6IwaSgnwmnCQ,120363202026082394@g.us,Grupo achadinhos #2
799601634,MElIpro,Grupo,https://chat.whatsapp.com/GcFEsEGhAywB0Bp1wtpfrH,120363416000560375@g.us,PROMOS DO DIA✨ #1
807123036,KAM - top 1000,Grupo,https://chat.whatsapp.com/BJK04Bp8B0TBWJDs73DNxc,120363115454849947@g.us,Low Cost - Promoções
1000721580,KAM - top 1000,Grupo,https://chat.whatsapp.com/Evbu0eA6aGDGIustairn0X,120363420738577119@g.us,6 @promodegrife BELEZA
1029902351,KAM - top 1000,Grupo,https://chat.whatsapp.com/Cg9WQ9seejyL0J09xDad30,120363141073480988@g.us,Descontos Top - Beleza 1
1029902351,KAM - top 1000,Grupo,https://chat.whatsapp.com/EsUGVz7d3HE8VRSuxVeIf4,120363160906646299@g.us,Descontos Top - Tecnologia 1
1029902351,KAM - top 1000,Grupo,https://chat.whatsapp.com/KD3HqqR0Kz6EHM6tSuTrLx,120363031262182705@g.us,Descontos Top - Geral 1
1029902351,KAM - top 1000,Grupo,https://chat.whatsapp.com/LVjBT22V8ZQ8WAjejQItnK,120363159345912852@g.us,Descontos Top - Casa 1
1034365332,KAM - top 1000,Grupo,https://chat.whatsapp.com/Ja8pGApMAuL5wQKhC2isyI,120363422289956070@g.us,Achadinhos da Promo 2️⃣7️⃣
1038382483,MElIpro,Grupo,https://chat.whatsapp.com/FStwKecXsnR4qIlu1U1SeO,120363365069110647@g.us,PROMOS E CUPONS 🤩#12 
1045329161,KAM - top 1000,Grupo,https://chat.whatsapp.com/ByQVh3GaWwmCdBF6hfDY8B,120363420245001180@g.us,PROMO DA FEH #27
1062207010,KAM - top 1000,Grupo,https://chat.whatsapp.com/K6fDMEvCuIpCjwGRpMsxIV,120363338201617945@g.us,@promocoesdarai 🛍️ (37)
1063208859,MElIpro,Grupo,https://chat.whatsapp.com/HUIQoCtX7af4mhEE7bEIhw,120363413515811889@g.us,Dicas da Helô
1080122761,MElIpro,Grupo,https://chat.whatsapp.com/Gu55Qpt3baS0ETcRirO33M,120363359675161184@g.us,Grupo de Ofertas Clube A Gazeta
1089018457,KAM - top 1000,Grupo,https://chat.whatsapp.com/K310kjNbwASEDJ91U8X5Bm,120363421328820167@g.us,Achadinhos #100
1096521350,MElIpro,Grupo,https://chat.whatsapp.com/H0tkGH3KzjGAG7zsR42QxZ,120363401332922330@g.us,Doguinho Promoções 🐶#12
1106563292,MElIpro,Grupo,https://chat.whatsapp.com/Kgw6HiTuPAeDDfIsotIrln,120363400217012012@g.us,PROMO DICASGIO 23
1167640603,KAM - top 1000,Grupo,https://chat.whatsapp.com/LKNq5b7IVGL0B89W4fKuLF,120363422790512114@g.us,Promos Enxoval - Gi 🏠 #13
1173888746,KAM - top 1000,Grupo,https://chat.whatsapp.com/KWqUZWZVI6WENZyd4UPWvi,120363021137916596@g.us,Malucas da promo 3
1184554804,MElIpro,Grupo,https://chat.whatsapp.com/DXLcCBjXRv4D73Jib8kmN1,120363189435524916@g.us,Grupo de Achadinhos #1
1207675246,top KAM Cross/Tech,Grupo,https://chat.whatsapp.com/DYL3yM8t1Qx5ZIRJR3PUh7,120363039065808699@g.us,OFERTAS Rodrigo Moreira #19
1217794331,KAM - top 1000,Grupo,https://chat.whatsapp.com/Chcg5YTJDdRIgDNycwYBx0,120363346159033547@g.us,Tudo Em Microfones GRUPO 5
1231576803,top KAM Cross/Tech,Grupo,https://chat.whatsapp.com/JWySm0bg2QjDJwYKymBRAr,120363047091423005@g.us,Inova Leo Ofertas Geral 1
1236298302,top KAM Cross/Tech,Grupo,https://chat.whatsapp.com/DEvLKnMXcn11I4VonM1GbH,120363421606091189@g.us,Celulares-JersuOfertas-E4
1249172900,top KAM Cross/Tech,Grupo,https://chat.whatsapp.com/Dq1JEvVMkAmJywEcvLbjB8,,
1251879558,top KAM Cross/Tech,Grupo,https://chat.whatsapp.com/J5kJyOeNUjnAOla4kweuk4,554197440172-1542717489@g.us,💻Qual Notebook Comprar?16
1282155962,KAM - top 1000,Grupo,https://chat.whatsapp.com/DmxglF40thWBUnTSAxgq9m,5519983242609-1623983977@g.us,A Divulgadora - 07
1334764746,KAM - top 1000,Grupo,https://chat.whatsapp.com/EuscaPvDB4t2rTAC1gSG05,120363029872619497@g.us,"Ei, é Útil! 🛒 OFERTAS E CUPONS"
1342859483,top KAM Cross/Tech,Grupo,https://chat.whatsapp.com/K6CTXebMZ0eJMX8B8uIiA1,,
1342941619,KAM - top 1000,Grupo,https://chat.whatsapp.com/JQwNi3BDg6cK3R3qIGxL0n,120363401782750485@g.us,TECH OFERTAS #13
1351369312,MElIpro,Grupo,https://chat.whatsapp.com/C98f1fCpVK2B3QLwXYwACQ,558199606955-1626546179@g.us,PROMOS DA LUH 065
1364804277,MElIpro,Grupo,https://chat.whatsapp.com/JwliHvFksEiDSmhElwqP5W,120363405900666065@g.us,Modas e Achadinhos #2
1365706499,top KAM Cross/Tech,Grupo,https://chat.whatsapp.com/GOV8P4YrmjZ3nlehN5jDBZ,120363405123862286@g.us,5 - CUPONS DE DESCONTO DO PEPE 💰💵
1365706499,top KAM Cross/Tech,Grupo,https://chat.whatsapp.com/K6h8AUFY48X6r3bSRuN41P,120363421326791569@g.us,20 - PEPERAIO HARDWARE OFERTAS
1369622787,KAM - top 1000,Grupo,https://chat.whatsapp.com/IDhYoLEzlw1Bs9NocQQB4u,120363315890635206@g.us,"UduLuiz VII - Cupons e ofertas: Shopee, Shein, Aliexpress, Mercado Livre "
1377978276,KAM - top 1000,Grupo,https://chat.whatsapp.com/Ks3048s1gRjGzqfnbOmRKs,5511932062847-1609764830@g.us,Cupons e Ofertas #SuperDicas 🎟️🛒 #111
1380412961,MElIpro,Grupo,https://chat.whatsapp.com/FhPGelmE7MtBcyypvWBElL,120363048990319654@g.us,China Cupons BR
1381379875,KAM - top 1000,Grupo,https://chat.whatsapp.com/FOa4DMXBtaG4V8sW20W3rF,120363417876663987@g.us,Home de Ofertas ✨🏠 | #38
1381583566,KAM - top 1000,Grupo,https://chat.whatsapp.com/DXBvkZJkQLdBQpxymvWKSG,120363027468121202@g.us,🔥 OFERTA SECRETA VIP 🔥
1391252882,KAM - top 1000,Grupo,https://chat.whatsapp.com/Ej9Le27nnVJFwMi7HsDgkt,120363422835195272@g.us,#12 TemdeTudoTchelo - Promoções
1396932291,MElIpro,Grupo,https://chat.whatsapp.com/Lb2QR1yZDzG6rQMbFnafuf,120363045116629526@g.us,SNAKE PROMOS 2 🐍
1408672391,KAM - top 1000,Grupo,https://chat.whatsapp.com/HlzrhZslJCZ6YVTSRDI71M,120363024703006289@g.us,🌸 BEAUTY PROMO 59 🌸
1420365380,top KAM Cross/Tech,Grupo,https://chat.whatsapp.com/FlTqfDyBFsfEnhg3aNrd2a,120363094285903690@g.us,🟠 PINCEI OFERTAS | 165
1422595957,KAM - top 1000,Grupo,https://chat.whatsapp.com/LFxnhypmd5BDGFgneCPrkE,557592438834-1604916407@g.us,Boletando Ofertas 6
1422846329,top KAM Cross/Tech,Grupo,https://chat.whatsapp.com/Ihx4dPdJUYAAxEmbT1o0Q8,120363370457877935@g.us,NintendoBarato.com.br #17
1426808500,top KAM Cross/Tech,Grupo,https://chat.whatsapp.com/IFJMvDHZc2AIYyGqQcEHqt,120363421024486643@g.us,#7 PROMOÇÕES IMPERDÍVEIS 🤑
1427325193,KAM - top 1000,Grupo,https://chat.whatsapp.com/FDmaefqLyH36zb6NAdZNz8,120363045840785211@g.us,táBaratasso ✅ 214
1428326558,MElIpro,Grupo,https://chat.whatsapp.com/BgdoWxdm0RWKZVQDrhVTk8,120363399351949538@g.us,PROMOÇÕES DO DIA 🛍️ #2 | @dicasdeachadinhos.br
1428402957,KAM - top 1000,Grupo,https://chat.whatsapp.com/Itr0HHBK6I7Gwt1oJ7FyUy,120363164673960479@g.us,#37 🛍💰Achadinhosdepromo💛
1430584463,KAM - top 1000,Grupo,https://chat.whatsapp.com/LPpRGK4WvR81psNepIOaUu,558799796242-1626639123@g.us,ACHADO NA PROMO 3
1433463620,KAM - top 1000,Grupo,https://chat.whatsapp.com/Kda7wlfxzOj08vWSm42jip,120363045837421025@g.us,GIRLSBUGS SEM CHAT 2️⃣6️⃣
1434017443,KAM - top 1000,Grupo,https://chat.whatsapp.com/Et7TUni8qau1CB1v63QDTk,120363175659452536@g.us,Guia de Compras [VAGAS LIMITADAS]
1434769455,MElIpro,Grupo,https://chat.whatsapp.com/Jyv4N0Jc1ILLkveNMpZ81i,120363161311478271@g.us,Promogrid Promoções
1434918733,top KAM Cross/Tech,Grupo,https://chat.whatsapp.com/E4qUixsvh7p5U3oS1RBXrk,553498331857-1575504332@g.us,Babypromokids 115 👶🏻 A23
1436446356,KAM - top 1000,Grupo,https://chat.whatsapp.com/H6Ifwzn9NNA7GYBGdgD1lt,120363403112910209@g.us,Ofertas do Albergoni #014
1438016577,KAM - top 1000,Grupo,https://chat.whatsapp.com/ELd5ipGU0HnGR2nsuZzCOw,5524981153741-1633047154@g.us,Promoções da Hora 11
1438028665,MElIpro,Grupo,https://chat.whatsapp.com/IWD8VXHZYI5LBk2e0PCHVX,120363328889159413@g.us,Ofertas da Leydi 
1439548649,KAM - top 1000,Grupo,https://chat.whatsapp.com/J2sN803vT9cCnfPNtWYmhM,5516991076656-1507597082@g.us,🎀PROMOLOJAS🎀
1439663675,KAM - top 1000,Grupo,https://chat.whatsapp.com/G02RqQeQqpnB0xWgdQFvWA,120363216036692625@g.us,A PROMO IMPERDÍVEL 25 🛍️✨
1439663675,KAM - top 1000,Grupo,https://chat.whatsapp.com/JHaDGhmuVTZEMATgfbh2xB,120363339393248905@g.us,A PROMO CASA 16 🏠✨️
1440823950,KAM - top 1000,Grupo,https://chat.whatsapp.com/FZrN7heaxV2An8cVqgxtkO,120363042203458688@g.us,3- Ofertas Imperdíveis 🔥
1444457359,KAM - top 1000,Grupo,https://chat.whatsapp.com/FbKBDOYaZIWKupUmuw0nsQ,5521976234600-1593517593@g.us,Achados da Nessa 3 ✨
1445776663,top KAM Cross/Tech,Grupo,https://chat.whatsapp.com/D5RX0sZReSDISIJG4WsZ38,5521979402668-1571782154@g.us,💥💥 TÁ BUGADO!!! 4⃣9⃣
1446287023,top KAM Cross/Tech,Grupo,https://chat.whatsapp.com/JEDsYEWz7z4IE3YJZrqqq1,,
1446956733,KAM - top 1000,Grupo,https://chat.whatsapp.com/DSeLEmy3Ccg2cQIQu0PZIg,556182202458-1623964747@g.us,Achadinhos da Pri 6
1447393059,KAM - top 1000,Grupo,https://chat.whatsapp.com/IztSV778zEV1Km200kyq3M,120363026950048288@g.us,A Rainha das Promoções 25
1451916544,top KAM Cross/Tech,Grupo,https://chat.whatsapp.com/JQvT3vKC2vj0CscIGMwjAG,120363402696848993@g.us,TO SEM KIT - OFERTAS #36
1453179131,KAM - top 1000,Grupo,https://chat.whatsapp.com/EAhvy9yo6On2GYZIeZMJdP,553197261133-1541127202@g.us,(14)Top Descontos Oficial
1453199461,KAM - top 1000,Grupo,https://chat.whatsapp.com/KTzHdnCLZkzAFYgqWaSqFn,553298004884-1612533838@g.us,Caçador de Promoções 1
1455578640,MElIpro,Grupo,https://chat.whatsapp.com/C01isq9mnR221IfcANxzjs,120363381574483793@g.us,Paulo Indica Tech
1457441247,KAM - top 1000,Grupo,https://chat.whatsapp.com/I4uxOIVx0LvCPNpKYNbO5D,120363406111422275@g.us,Grupo de Promoções & Descontos | Reduza
1457459939,MElIpro,Grupo,https://chat.whatsapp.com/LBltd96f3U06b6YeoROqJc,120363402471422115@g.us,Promos Danilo 4
1457793802,MElIpro,Grupo,https://chat.whatsapp.com/FQSjEe3qC804trDpyaG05h,120363313431576358@g.us,Achadinhos 🔎 🛍️ #19
1461583629,top KAM Cross/Tech,Grupo,https://chat.whatsapp.com/Hsn9IVgrwTWBORxZBTmdSe,553291008263-1614296085@g.us,🛍💥 TEM PROMÔ! 2️⃣3️⃣
1462250546,KAM - top 1000,Grupo,https://chat.whatsapp.com/C66THFmOr0eLheskj0llLl,120363043664426151@g.us,Top Ofertas Todo Dia 9
1463526269,KAM - top 1000,Grupo,https://chat.whatsapp.com/EfbYI7XUWZA1KcK89zgygE,120363301686660904@g.us,Achados da Lully 15
1465247461,KAM - top 1000,Grupo,https://chat.whatsapp.com/HXoaeZGoCA1Bdp7Gs4VIkq,553195230021-1567034447@g.us,BR Descontão  - 1
1478707361,KAM - top 1000,Grupo,https://chat.whatsapp.com/GANhutgr55J95N65Xb6Lk3,120363417479677927@g.us,🛍️ SENHORA PROMO #03
1482183974,top KAM Cross/Tech,Grupo,https://chat.whatsapp.com/KbiC4HyAPgZ5c0B4YZtX5N,120363043831374188@g.us,PromoHub - Ofertas #49
1485217446,KAM - top 1000,Grupo,https://chat.whatsapp.com/8cao38VPYLDBKLMqOPjoA0,5521972675859-1533073494@g.us,PromoON 00
1485911737,KAM - top 1000,Grupo,https://chat.whatsapp.com/IyJYqH1gXxAJ3IDAd6GBrf,120363161708340515@g.us,Promoções do TEC #10
1490703847,KAM - top 1000,Grupo,https://chat.whatsapp.com/FPXOx5VQyej1vQozBLve0H,120363417580263185@g.us,Ela Compra 08 🩷✨
1493086612,KAM - top 1000,Grupo,https://chat.whatsapp.com/FlP2dqy76C3HDxui5Q4zr9,5511975835333-1625010636@g.us,Promo e Afins 6 💜
1494770433,KAM - top 1000,Grupo,https://chat.whatsapp.com/Bye3jMn7cOa7YkeymQIZIC,120363387438720845@g.us,1️⃣2️⃣ GabPromo_🔥
1495326565,MElIpro,Grupo,https://chat.whatsapp.com/LS4ZZQNWUUVA81RB6MeNmA,120363026480031823@g.us,PromodaCaren 5 🔒
1512186857,MElIpro,Grupo,https://chat.whatsapp.com/Lwj77WPLRUR6DaBKjCxino,120363404464469617@g.us,#6 PROMOS DO DIA ✨🛍
1516990091,KAM - top 1000,Grupo,https://chat.whatsapp.com/FJpxwCaPLyO6VJjgSQPRRo,120363421005007885@g.us,Ofertas da Hora do Almoço 12🛍️
1528968155,KAM - top 1000,Grupo,https://chat.whatsapp.com/CmYgB22aHsx7TOrqHiR5HA,120363403742784724@g.us,ACHADOS DA MALU #16
1531640488,KAM - top 1000,Grupo,https://chat.whatsapp.com/DlJ8XtPlZ9i2oAJMo1EXnW,120363308553839701@g.us,#14 PromoBabykids
1536298884,KAM - top 1000,Grupo,https://chat.whatsapp.com/HWIR8cXLwCf4MelCkHpGz3,120363052401558929@g.us,DAZAMIGAPROMOS 3 ✨
1539409111,KAM - top 1000,Grupo,https://chat.whatsapp.com/KXGSBZpRWnc5c66bbkNL1b,120363299458437089@g.us,Bruxo das Promoções #01
1550052320,KAM - top 1000,Grupo,https://chat.whatsapp.com/K41Nfk48Mid9cAN7OA1V3K,120363411470567477@g.us,avisaDesconto | 092
1585403964,MElIpro,Grupo,https://chat.whatsapp.com/CHH2fXV2i2n1Yx3kfKMwYc,120363419005945401@g.us,CHEGOU PROMOÇÃO #03
1587747906,KAM - top 1000,Grupo,https://chat.whatsapp.com/LLg4yElJWJB1oW5S6dU84l,120363399607990876@g.us,ACHADOS DO DIA N 19
1590205193,MElIpro,Grupo,https://chat.whatsapp.com/HuIBzBxXsBnJaGDh4tJy2y,120363372624489235@g.us,Achadinhos da Becca 🛍Promos e Achados💞
1676657192,MElIpro,Grupo,https://chat.whatsapp.com/HByXpAYMbzP8TkQrfp5PTS,120363349640197468@g.us,#2 PROMOÇÃO DO DIA | Achados da Isa 🚨
1678670059,MElIpro,Grupo,https://chat.whatsapp.com/FOVbpxIVd8bIgcQIwfSXJy,120363291785904750@g.us,PROMOS & ACHADINHOS
1690741909,KAM - top 1000,Grupo,https://chat.whatsapp.com/FPAfltA8alqBFThYVQZV2o,120363402054165154@g.us,Promoções do Perigo #6
1708497699,MElIpro,Grupo,https://chat.whatsapp.com/CMVGchoOo6M2zQvyEOVDTB,120363386279766722@g.us,Grupo de ofertinhas #08
1712443665,MElIpro,Grupo,https://chat.whatsapp.com/Jal8oRLgqLEJDxolTBLltW,120363147161935894@g.us,BEE ACHADOS 
1756402797,KAM - top 1000,Grupo,https://chat.whatsapp.com/HEi2otzaI1E8NVJDxyFBNo,120363039175634581@g.us,Promoções e Descontos 26
1777894146,MElIpro,Grupo,https://chat.whatsapp.com/DaZMY91iXS6GasYSOTdDPy,120363401078862771@g.us,É de casa da Ofertinha 🛒🛒🛒
1786835301,MElIpro,Grupo,https://chat.whatsapp.com/JwliHvFksEiDSmhElwqP5W,120363405900666065@g.us,Modas e Achadinhos #2
1799164964,KAM - top 1000,Grupo,https://chat.whatsapp.com/FhGAAsVS7LDIUWw6lvxzut,120363403464946445@g.us,@Promoanabeltran 37 💖 Beleza
1838483881,MElIpro,Grupo,https://chat.whatsapp.com/DKl1AhprFx3AEkkiP854py,120363420344287530@g.us,PROMOS DO DIA #02 @achadosginger
1842769625,MElIpro,Grupo,https://chat.whatsapp.com/IftRu5fS2jK436z1a6yOQX,120363418350809424@g.us,PROMOS DA RUI #10
1884853456,MElIpro,Grupo,https://chat.whatsapp.com/BwDGi4Xodd12JlOCMxAnpu,120363400410343531@g.us,Decorando_comestilo❤️
1890922253,KAM - top 1000,Grupo,https://chat.whatsapp.com/JAv9DaNWBSLA25LqoC9YI3,120363419523054853@g.us,GRUPÃO MUQUIRANAS#19
1946020572,KAM - top 1000,Grupo,https://chat.whatsapp.com/HZyuiMiv4uQ2FO3LsGhUGJ,120363211822083052@g.us,#103 ACHADOS DA TAMY 
1947955373,KAM - top 1000,Grupo,https://chat.whatsapp.com/FWwlSLSUrFDBeoHSiEHFKs,120363423504328011@g.us,Guerra Deals Fit [80]
1954038151,KAM - top 1000,Grupo,https://chat.whatsapp.com/GUgEwbuk86aJDdyJfLsSQ3,120363419590752352@g.us,🔥Sr Promoções #26
1988790379,MElIpro,Grupo,https://chat.whatsapp.com/CkBNImXVV4iFqvvYV7K0q7,120363309822468517@g.us,🔥 PROMOS da Paty #01
2009130689,KAM - top 1000,Grupo,https://chat.whatsapp.com/GRFJfs23lgYBEmRSmbRyzl,120363046731785274@g.us,G1 PROMOÇÃO KIDS BRASIL
2015935202,MElIpro,Grupo,https://chat.whatsapp.com/KUt7ZbJHpzrLYmx5466J0b,120363419447280501@g.us,#3 PROMOS E CUPONS
2018031282,KAM - top 1000,Grupo,https://chat.whatsapp.com/Ia4ivP80m2KE4cfu9BiMGy,120363399027165397@g.us,Descontinho de Mamãe | 24 🍼
2051821320,MElIpro,Grupo,https://chat.whatsapp.com/FEP0VTDFUr87bIxhQHMzUn,120363259849668352@g.us,#1 Achadinhos da Dona Cegonha
2057503925,KAM - top 1000,Grupo,https://chat.whatsapp.com/HdeizfsVqa09p5ffxHbCd2,120363401640365822@g.us,Ofertas da Casa Moderna #43
2074482467,MElIpro,Grupo,https://chat.whatsapp.com/LJFpLm3sYXk2rQo3xyicaW,120363345172019197@g.us,MESDEPROMO #23
2221972417,KAM - top 1000,Grupo,https://chat.whatsapp.com/ESRK7K8eTez9n4tsWi8Ca3,120363420762441277@g.us,VERSÁTIL PERFUMES 19
2336669810,MElIpro,Grupo,https://chat.whatsapp.com/JwliHvFksEiDSmhElwqP5W,120363405900666065@g.us,Modas e Achadinhos #2
2359144247,KAM - top 1000,Grupo,https://chat.whatsapp.com/Lvt6ezs2Fz6ItqKyCW6JE6,120363420438984365@g.us,Mi&Promo 🛍️💜 #8
2418855877,KAM - top 1000,Grupo,https://chat.whatsapp.com/LCUCTJLImyO3KzBKfRVZoc,558198148856-1625705090@g.us,G #146 - Promos da Cleyde 🛍️🤌
2428615837,KAM - top 1000,Grupo,https://chat.whatsapp.com/B7uIXxna6lhJNEGNYLoiXb,120363345347123184@g.us,MESDEPROMO #25
2531061357,MElIpro,Grupo,https://chat.whatsapp.com/HeJj2WYIZzuIuXVaVilqRk,120363420720054769@g.us,PROMOS da IANNE 🧡16
2592935944,MElIpro,Grupo,https://chat.whatsapp.com/IHoI86Hr37ZLLJDccekBPy,120363300770580053@g.us,#5 Achadinhos Casa e Decoração
2611596372,MElIpro,Grupo,https://chat.whatsapp.com/HzhyWCR4nNYGtuJaKaPgCJ,120363417805752443@g.us,PROMOÇÕES DO DIA 🏠🛒🛍️
2662787671,MElIpro,Grupo,https://chat.whatsapp.com/J35VKuP8EOLFtZaq2Hu2it,120363401086852040@g.us,Promos da Seguidora 8
